Workbook

Sheet 1.matematika
A1: Jadwal Kuliah Semester Gasal 2024/2025
A2: SKPB - ITS | L2: SKPB, 28 Agustus 2024
A4: Kode MK | B4: Mata Kuliah | C4: SKS | D4: Sem | E4: Kel | F4: Nama Kelas SIAKAD | G4: Jumlah Mhs SIAKAD | H4: Departemen | I4: Hari / Pukul | J4: Ruang | K4: Lokasi Ruang | L4: Dosen Pembina | M4: Pertemuan | N4: SKS | O4: Asisten | P4: Link WA Asisten
A5: SM234101 | B5: Kalkulus 1 | C5: 3 | D5: 1 | E5: Kal-1 | F5: 5 | G5: 78 | H5: T. Sipil, T. Lingkungan, T. Geomatika, T. Geofisika, Tekdok | I5: Selasa, Kamis; 07.00-08.40 | J5: TW1-502 | K5: Tower 1, lt. 5 | L5: Drs. Suhud Wahyudi, M.Si. | O5: Michael Putra Nababan | P5: =VLOOKUP(O5,Sheet1!$B$3:$D$55,3,FALSE) -> KLIK UNTUK CHAT
A6: SM234101 | B6: Kalkulus 1 | C6: 3 | D6: 1 | F6: 6 | G6: 78 | H6: T. Sipil, T. Lingkungan, T. Geomatika, T. Geofisika, Tekdok | I6: Selasa, Kamis; 07.00-08.40 | J6: TW1-503 | K6: Tower 1, lt. 5 | L6: Dr. Dieky Adzkiya, S.Si, M.Si / Mohamad Ilham Dwi Firmansyah, M. Mat. | M6: 16/16 | N6: 1,5/1,5 | O6: Dimas Setyo Asmoro | P6: =VLOOKUP(O6,Sheet1!$B$3:$D$55,3,FALSE) -> KLIK UNTUK CHAT
A7: SM234101 | B7: Kalkulus 1 | C7: 3 | D7: 1 | F7: 7 | G7: 78 | H7: T. Sipil, T. Lingkungan, T. Geomatika, T. Geofisika, Tekdok | I7: Selasa, Kamis; 07.00-08.40 | J7: TW1-505 | K7: Tower 1, lt. 5 | L7: Ainun Kusnul Khotimah, M. Mat. / Prof. Dr. Dra. Mardlijah, M.T | M7: 22/10 | N7: 2/1 | O7: Mahendra Darmadiyaksa Fatah Hariyadi | P7: =VLOOKUP(O7,Sheet1!$B$3:$D$55,3,FALSE) -> KLIK UNTUK CHAT
A8: SM234101 | B8: Kalkulus 1 | C8: 3 | D8: 1 | F8: 8 | G8: 78 | H8: T. Sipil, T. Lingkungan, T. Geomatika, T. Geofisika, Tekdok | I8: Selasa, Kamis; 07.00-08.40 | J8: TW1-601 | K8: Tower 1, lt. 6 | L8: Drs. Sadjidon, M.Si | O8: Miftahul Huda | P8: =VLOOKUP(O8,Sheet1!$B$3:$D$55,3,FALSE) -> KLIK UNTUK CHAT
A9: SM234101 | B9: Kalkulus 1 | C9: 3 | D9: 1 | F9: 9 | G9: 78 | H9: T. Sipil, T. Lingkungan, T. Geomatika, T. Geofisika, Tekdok | I9: Selasa, Kamis; 07.00-08.40 | J9: TW1-602 | K9: Tower 1, lt. 6 | L9: Dr. Dieky Adzkiya, S.Si, M.Si / Mohamad Ilham Dwi Firmansyah, M. Mat. | M9: 16/16 | N9: 1,5/1,5 | O9: Sang Nyoman Agastya Mahesa Pranatha Kaler | P9: =VLOOKUP(O9,Sheet1!$B$3:$D$55,3,FALSE) -> KLIK UNTUK CHAT
A10: SM234101 | B10: Kalkulus 1 | C10: 3 | D10: 1 | F10: 10 | G10: 78 | H10: T. Sipil, T. Lingkungan, T. Geomatika, T. Geofisika, Tekdok | I10: Selasa, Kamis; 07.00-08.40 | J10: TW1-603 | K10: Tower 1, lt. 6 | L10: Alvian Alif Hidayatullah, M. Mat./ Sena Safarina, S.Si, M.Sc, D.Sc | M10: 22/10 | N10: 2/1 | O10: Najwa Azalia Zakhia Musthofa | P10: =VLOOKUP(O10,Sheet1!$B$3:$D$55,3,FALSE) -> KLIK UNTUK CHAT
A11: SM234101 | B11: Kalkulus 1 | C11: 3 | D11: 1 | F11: 11 | G11: 78 | H11: T. Sipil, T. Lingkungan, T. Geomatika, T. Geofisika, Tekdok | I11: Selasa, Kamis; 07.00-08.40 | J11: TW1-605 | K11: Tower 1, lt. 6 | L11: Raden Aurelius Andhika Viadinugroho, S.Si., M.Sc. / Dr. Darmaji,S.Si., MT. | M11: 16/16 | N11: 1,5/1,5 | O11: Muhammad Satria Rahman | P11: =VLOOKUP(O11,Sheet1!$B$3:$D$55,3,FALSE) -> KLIK UNTUK CHAT
A12: SM234101 | B12: Kalkulus 1 | C12: 3 | D12: 1 | F12: 12 | G12: 78 | H12: T. Sipil, T. Lingkungan, T. Geomatika, T. Geofisika, Tekdok | I12: Selasa, Kamis; 07.00-08.40 | J12: TW1-701 | K12: Tower 1, lt. 7 | L12: Dr. Tahiyatul Asfihani / Dra. Wahyu Fistia Doctorina, M.Si / Ridho Nur Rohman Wijaya, S.Mat., M. Mat. | M12: 5/16/11 | N12: 0,5/1,5/1 | O12: Aufa Al Musyarof | P12: =VLOOKUP(O12,Sheet1!$B$3:$D$55,3,FALSE) -> KLIK UNTUK CHAT
A13: SM234101 | B13: Kalkulus 1 | C13: 3 | D13: ≥3 | F13: 101 | G13: 62 | H13: T. Sipil, T. Lingkungan, T. Geomatika, T. Geofisika, Tekdok | I13: Selasa, Kamis; 07.00-08.40 | J13: TW1-705 | K13: Tower 1, lt. 7 | L13: Raden Aurelius Andhika Viadinugroho, S.Si., M.Sc / Dr. Darmaji,S.Si., MT. | M13: 16/16 | N13: 1,5/1,5 | O13: Farhan Rif'at Mauludani | P13: =VLOOKUP(O13,Sheet1!$B$3:$D$55,3,FALSE) -> KLIK UNTUK CHAT
A14: SM234101 | B14: Kalkulus 1 | C14: 3 | D14: 1 | E14: Kal-2 | F14: 13 | G14: 77 | H14: T. Perkapalan, T. Sistem Perkapalan, T. Kelautan, T. Transportasi Laut, T. Bangunan Lepas Pantai | I14: Senin, Rabu; 07.00-08.40 | J14: TW1-201 | K14: Tower 1, lt. 2 | L14: Drs. Sentot Didik Surjanto, M.Si / Muhammad Yusuf Hakim Widianto, S.Si., M.Si., M.Sc., Ph.D. | M14: 16/16 | N14: 1,5/1,5 | O14: Farhan Rif'at Mauludani | P14: =VLOOKUP(O14,Sheet1!$B$3:$D$55,3,FALSE) -> KLIK UNTUK CHAT
A15: SM234101 | B15: Kalkulus 1 | C15: 3 | D15: 1 | F15: 14 | G15: 77 | H15: T. Perkapalan, T. Sistem Perkapalan, T. Kelautan, T. Transportasi Laut, T. Bangunan Lepas Pantai | I15: Senin, Rabu; 07.00-08.40 | J15: TW1-202 | K15: Tower 1, lt. 2 | L15: Amirul Hakam, S.Si., M.Si. / Dra. Laksmi Prita Wardani, M.Si. | M15: 16/16 | N15: 1,5/1,5 | O15: Muhammad Shafa Narariya | P15: =VLOOKUP(O15,Sheet1!$B$3:$D$55,3,FALSE) -> KLIK UNTUK CHAT
A16: SM234101 | B16: Kalkulus 1 | C16: 3 | D16: 1 | F16: 15 | G16: 77 | H16: T. Perkapalan, T. Sistem Perkapalan, T. Kelautan, T. Transportasi Laut, T. Bangunan Lepas Pantai | I16: Senin, Rabu; 07.00-08.40 | J16: TW1-203 | K16: Tower 1, lt. 2 | L16: Dr. Dwi Ratna /Mohamad Ilham Dwi Firmansyah, M. Mat. | M16: 10/22 | N16: 1/2 | O16: Rizky Alviando | P16: =VLOOKUP(O16,Sheet1!$B$3:$D$55,3,FALSE) -> KLIK UNTUK CHAT
A17: SM234101 | B17: Kalkulus 1 | C17: 3 | D17: 1 | F17: 16 | G17: 77 | H17: T. Perkapalan, T. Sistem Perkapalan, T. Kelautan, T. Transportasi Laut, T. Bangunan Lepas Pantai | I17: Senin, Rabu; 07.00-08.40 | J17: TW1-205 | K17: Tower 1, lt. 2 | L17: Dra. Nur Asiyah, M.Si | O17: Vishnu Krishna Darojati | P17: =VLOOKUP(O17,Sheet1!$B$3:$D$55,3,FALSE) -> KLIK UNTUK CHAT
A18: SM234101 | B18: Kalkulus 1 | C18: 3 | D18: 1 | F18: 17 | G18: 77 | H18: T. Perkapalan, T. Sistem Perkapalan, T. Kelautan, T. Transportasi Laut, T. Bangunan Lepas Pantai | I18: Senin, Rabu; 07.00-08.40 | J18: TW1-206 | K18: Tower 1, lt. 2 | L18: Amirul Hakam, S.Si., M.Si. / Dra. Laksmi Prita Wardani, M.Si. | M18: 16/16 | N18: 1,5/1,5 | O18: Haritsa Dhiya Ulhaq | P18: =VLOOKUP(O18,Sheet1!$B$3:$D$55,3,FALSE) -> KLIK UNTUK CHAT
A19: SM234101 | B19: Kalkulus 1 | C19: 3 | D19: 1 | F19: 18 | G19: 77 | H19: T. Perkapalan, T. Sistem Perkapalan, T. Kelautan, T. Transportasi Laut, T. Bangunan Lepas Pantai | I19: Senin, Rabu; 07.00-08.40 | J19: TW1-301 | K19: Tower 1, lt. 3 | L19: Drs. Sentot Didik Surjanto, M.Si / Muhammad Yusuf Hakim Widianto, S.Si., M.Si., M.Sc., Ph.D. | M19: 16/16 | N19: 1,5/1,5 | O19: Aditya Wahyudinanta | P19: =VLOOKUP(O19,Sheet1!$B$3:$D$55,3,FALSE) -> KLIK UNTUK CHAT
A20: SM234101 | B20: Kalkulus 1 | C20: 3 | D20: 1 | F20: 19 | G20: 77 | H20: T. Perkapalan, T. Sistem Perkapalan, T. Kelautan, T. Transportasi Laut, T. Bangunan Lepas Pantai | I20: Senin, Rabu; 07.00-08.40 | J20: TW1-302 | K20: Tower 1, lt. 3 | L20: Drs. I.G.Ngurah Rai Usada, M.Si / Dr. Tahiyatul Asfihani, S.Si, M.Si | M20: 27/5 | N20: 2,5/0,5 | O20: Nadya Eka Sri Wulandari | P20: =VLOOKUP(O20,Sheet1!$B$3:$D$55,3,FALSE) -> KLIK UNTUK CHAT
A21: SM234101 | B21: Kalkulus 1 | C21: 3 | D21: ≥3 | F21: 103 | G21: 57 | H21: T. Perkapalan, T. Sistem Perkapalan, T. Kelautan, T. Transportasi Laut, T. Bangunan Lepas Pantai | I21: Senin, Rabu; 07.00-08.40 | J21: TW1-803 | K21: Tower 1, lt. 8 | L21: Ridho Nur Rohman Wijaya, S.Mat., M. Mat. / Drs. Suhud Wahyudi, M.Si. | M21: 22/10 | N21: 2/1 | O21: Dzaky Muhammad | P21: =VLOOKUP(O21,Sheet1!$B$3:$D$55,3,FALSE) -> KLIK UNTUK CHAT
A22: SM234101 | B22: Kalkulus 1 | C22: 3 | D22: 1 | E22: Kal-3 | F22: 20 | G22: 78 | H22: T. Mesin, T. Kimia, T. Fisika, Teknik Sistem dan Industri, T. Material dan Metalurgi, T. Pangan, Rkp | I22: Selasa, Kamis; 11.00-12.40 | J22: TW1-301 | K22: Tower 1, lt. 3 | L22: Drs. Komar Baihaqi, M.Si / Ainun Kusnul Khotimah, M. Mat. | M22: 16/16 | N22: 1,5/1,5 | O22: Aulia Aisyah Harhary | P22: =VLOOKUP(O22,Sheet1!$B$3:$D$55,3,FALSE) -> KLIK UNTUK CHAT
A23: SM234101 | B23: Kalkulus 1 | C23: 3 | D23: 1 | F23: 21 | G23: 78 | H23: T. Mesin, T. Kimia, T. Fisika, Teknik Sistem dan Industri, T. Material dan Metalurgi, T. Pangan, Rkp | I23: Selasa, Kamis; 11.00-12.40 | J23: TW1-302 | K23: Tower 1, lt. 3 | L23: Drs. Iis Herisman, M.Sc. | O23: Junika Irdia Indi Astudin | P23: =VLOOKUP(O23,Sheet1!$B$3:$D$55,3,FALSE) -> KLIK UNTUK CHAT
A24: SM234101 | B24: Kalkulus 1 | C24: 3 | D24: 1 | F24: 22 | G24: 78 | H24: T. Mesin, T. Kimia, T. Fisika, Teknik Sistem dan Industri, T. Material dan Metalurgi, T. Pangan, Rkp | I24: Selasa, Kamis; 11.00-12.40 | J24: TW1-303 | K24: Tower 1, lt. 3 | L24: Prof. Dr. Drs. Chairul Imron, MI.Komp. | O24: Triwanto | P24: =VLOOKUP(O24,Sheet1!$B$3:$D$55,3,FALSE) -> KLIK UNTUK CHAT
A25: SM234101 | B25: Kalkulus 1 | C25: 3 | D25: 1 | F25: 23 | G25: 78 | H25: T. Mesin, T. Kimia, T. Fisika, Teknik Sistem dan Industri, T. Material dan Metalurgi, T. Pangan, Rkp | I25: Selasa, Kamis; 11.00-12.40 | J25: TW1-305 | K25: Tower 1, lt. 3 | L25: Dra. Laksmi Prita Wardani, M.Si. | O25: Mu'iza Kaba Latif | P25: =VLOOKUP(O25,Sheet1!$B$3:$D$55,3,FALSE) -> KLIK UNTUK CHAT
A26: SM234101 | B26: Kalkulus 1 | C26: 3 | D26: 1 | F26: 24 | G26: 78 | H26: T. Mesin, T. Kimia, T. Fisika, Teknik Sistem dan Industri, T. Material dan Metalurgi, T. Pangan, Rkp | I26: Selasa, Kamis; 11.00-12.40 | J26: TW1-306 | K26: Tower 1, lt. 3 | L26: Drs. Suhud Wahyudi, M.Si. | O26: Aditya Wahyudinanta | P26: =VLOOKUP(O26,Sheet1!$B$3:$D$55,3,FALSE) -> KLIK UNTUK CHAT
A27: SM234101 | B27: Kalkulus 1 | C27: 3 | D27: 1 | F27: 25 | G27: 78 | H27: T. Mesin, T. Kimia, T. Fisika, Teknik Sistem dan Industri, T. Material dan Metalurgi, T. Pangan, Rkp | I27: Selasa, Kamis; 11.00-12.40 | J27: TW1-501 | K27: Tower 1, lt. 5 | L27: Alvida Mustika Rukmi, S.Si, M.Si / Raden Aurelius Andhika Viadinugroho, S.Si., M.Sc. | M27: 16/16 | N27: 1,5/1,5 | O27: Nur Millatul Af Idah | P27: =VLOOKUP(O27,Sheet1!$B$3:$D$55,3,FALSE) -> KLIK UNTUK CHAT
A28: SM234101 | B28: Kalkulus 1 | C28: 3 | D28: 1 | F28: 26 | G28: 78 | H28: T. Mesin, T. Kimia, T. Fisika, Teknik Sistem dan Industri, T. Material dan Metalurgi, T. Pangan, Rkp | I28: Selasa, Kamis; 11.00-12.40 | J28: TW1-502 | K28: Tower 1, lt. 5 | L28: Drs. Sadjidon, M.Si | O28: Maulida Rahmi | P28: =VLOOKUP(O28,Sheet1!$B$3:$D$55,3,FALSE) -> KLIK UNTUK CHAT
A29: SM234101 | B29: Kalkulus 1 | C29: 3 | D29: 1 | F29: 27 | G29: 77 | H29: T. Mesin, T. Kimia, T. Fisika, Teknik Sistem dan Industri, T. Material dan Metalurgi, T. Pangan, Rkp | I29: Selasa, Kamis; 11.00-12.40 | J29: TW1-503 | K29: Tower 1, lt. 5 | L29: Prof. Dr.techn. Drs. Mohammad Isa Irawan, M.T | O29: Satrio Wicaksono Viernadi | P29: =VLOOKUP(O29,Sheet1!$B$3:$D$55,3,FALSE) -> KLIK UNTUK CHAT
A30: SM234101 | B30: Kalkulus 1 | C30: 3 | D30: 1 | F30: 28 | G30: 77 | H30: T. Mesin, T. Kimia, T. Fisika, Teknik Sistem dan Industri, T. Material dan Metalurgi, T. Pangan, Rkp | I30: Selasa, Kamis; 11.00-12.40 | J30: TW1-505 | K30: Tower 1, lt. 5 | L30: Dian Winda Setyawati,S.Si, M.Si | O30: Ahmad Hisbu Zakiyudin | P30: =VLOOKUP(O30,Sheet1!$B$3:$D$55,3,FALSE) -> KLIK UNTUK CHAT
A31: SM234101 | B31: Kalkulus 1 | C31: 3 | D31: 1 | F31: 29 | G31: 77 | H31: T. Mesin, T. Kimia, T. Fisika, Teknik Sistem dan Industri, T. Material dan Metalurgi, T. Pangan, Rkp | I31: Selasa, Kamis; 11.00-12.40 | J31: TW1-601 | K31: Tower 1, lt. 6 | L31: Drs. Sentot Didik Surjanto, M.Si | O31: Winda Nafiqih Irawan | P31: =VLOOKUP(O31,Sheet1!$B$3:$D$55,3,FALSE) -> KLIK UNTUK CHAT
A32: SM234101 | B32: Kalkulus 1 | C32: 3 | D32: 1 | F32: 30 | G32: 77 | H32: T. Mesin, T. Kimia, T. Fisika, Teknik Sistem dan Industri, T. Material dan Metalurgi, T. Pangan, Rkp | I32: Selasa, Kamis; 11.00-12.40 | J32: TW1-602 | K32: Tower 1, lt. 6 | L32: Dr. Drs. Mahmud Yunus, M.Si / Mohamad Ilham Dwi Firmansyah, M. Mat. | M32: 10/22 | N32: 1/2 | O32: Dzaky Muhammad | P32: =VLOOKUP(O32,Sheet1!$B$3:$D$55,3,FALSE) -> KLIK UNTUK CHAT
A33: SM234101 | B33: Kalkulus 1 | C33: 3 | D33: 1 | F33: 31 | G33: 77 | H33: T. Mesin, T. Kimia, T. Fisika, Teknik Sistem dan Industri, T. Material dan Metalurgi, T. Pangan, Rkp | I33: Selasa, Kamis; 11.00-12.40 | J33: TW1-603 | K33: Tower 1, lt. 6 | L33: Ridho Nur Rohman Wijaya, S.Mat., M. Mat. / Dr. Budi Setiyono, S.Si, MT | M33: 22/10 | N33: 2/1 | O33: Sharfina Ardhiyanti Anam | P33: =VLOOKUP(O33,Sheet1!$B$3:$D$55,3,FALSE) -> KLIK UNTUK CHAT
A34: SM234101 | B34: Kalkulus 1 | C34: 3 | D34: 1 | F34: 32 | G34: 77 | H34: T. Mesin, T. Kimia, T. Fisika, Teknik Sistem dan Industri, T. Material dan Metalurgi, T. Pangan, Rkp | I34: Selasa, Kamis; 11.00-12.40 | J34: TW1-605 | K34: Tower 1, lt. 6 | L34: Alvian Alif Hidayatullah, M. Mat. / Prof. Subchan, S.Si, M.Sc, Ph.D | M34: 22/10 | N34: 2/1 | O34: Abdillah Dwi Cahya | P34: =VLOOKUP(O34,Sheet1!$B$3:$D$55,3,FALSE) -> KLIK UNTUK CHAT
A35: SM234101 | B35: Kalkulus 1 | C35: 3 | D35: 1 | F35: 33 | G35: 77 | H35: T. Mesin, T. Kimia, T. Fisika, Teknik Sistem dan Industri, T. Material dan Metalurgi, T. Pangan, Rkp | I35: Selasa, Kamis; 11.00-12.40 | J35: TW1-701 | K35: Tower 1, lt. 7 | L35: Drs. Lukman Hanafi, M.Sc / Raden Aurelius Andhika Viadinugroho, S.Si., M.Sc. | M35: 16/16 | N35: 1,5/1,5 | O35: Early Feodora Shauzan | P35: =VLOOKUP(O35,Sheet1!$B$3:$D$55,3,FALSE) -> KLIK UNTUK CHAT
A36: SM234101 | B36: Kalkulus 1 | C36: 3 | D36: ≥3 | F36: 105 | G36: 53 | H36: T. Mesin, T. Kimia, T. Fisika, Teknik Sistem dan Industri, T. Material dan Metalurgi, T. Pangan | I36: Selasa, Kamis; 11.00-12.40 | J36: TW1-802 | K36: Tower 1, lt. 8 | L36: Dr. Imam Mukhlash, S.Si, MT | O36: Launiawati Julia Chandra | P36: =VLOOKUP(O36,Sheet1!$B$3:$D$55,3,FALSE) -> KLIK UNTUK CHAT
A37: SM234101 | B37: Kalkulus 1 | C37: 3 | D37: ≥3 | F37: 106 | G37: 49 | H37: T. Mesin, T. Kimia, T. Fisika, Teknik Sistem dan Industri, T. Material dan Metalurgi, T. Pangan | I37: Selasa, Kamis; 11.00-12.40 | J37: TW1-803 | K37: Tower 1, lt. 8 | L37: Ainun Kusnul Khotimah, M. Mat. / Drs. Komar Baihaqi, M.Si | M37: 16/16 | N37: 1,5/1,5 | O37: Marcellius Fernando Robot | P37: =VLOOKUP(O37,Sheet1!$B$3:$D$55,3,FALSE) -> KLIK UNTUK CHAT
A38: SM234101 | B38: Kalkulus 1 | C38: 3 | D38: 1 | E38: Kal-4 | F38: 34 | G38: 77 | H38: Fisika, Matematika, Statistika, Kimia, Biologi, Aktuaria, Saik, Sdata | I38: Selasa, Kamis; 13.30-15.10 | J38: TW1-201 | K38: Tower 1, lt. 2 | L38: Prof. Dr. Basuki Widodo, M.Sc | O38: Nailus Syifa'i | P38: =VLOOKUP(O38,Sheet1!$B$3:$D$55,3,FALSE) -> KLIK UNTUK CHAT
A39: SM234101 | B39: Kalkulus 1 | C39: 3 | D39: 1 | F39: 35 | G39: 77 | H39: Fisika, Matematika, Statistika, Kimia, Biologi, Aktuaria, Saik, Sdata | I39: Selasa, Kamis; 13.30-15.10 | J39: TW1-202 | K39: Tower 1, lt. 2 | L39: Drs. Iis Herisman, M.Sc. | O39: Erwin Tri Prasetya | P39: =VLOOKUP(O39,Sheet1!$B$3:$D$55,3,FALSE) -> KLIK UNTUK CHAT
A40: SM234101 | B40: Kalkulus 1 | C40: 3 | D40: 1 | F40: 36 | G40: 76 | H40: Fisika, Matematika, Statistika, Kimia, Biologi, Aktuaria, Saik, Sdata | I40: Selasa, Kamis; 13.30-15.10 | J40: TW1-203 | K40: Tower 1, lt. 2 | L40: Dr. Dra. Rinurwati, M.Si | O40: William Alvin Lidjaja | P40: =VLOOKUP(O40,Sheet1!$B$3:$D$55,3,FALSE) -> KLIK UNTUK CHAT
A41: SM234101 | B41: Kalkulus 1 | C41: 3 | D41: 1 | F41: 37 | G41: 76 | H41: Fisika, Matematika, Statistika, Kimia, Biologi, Aktuaria, Saik, Sdata | I41: Selasa, Kamis; 13.30-15.10 | J41: TW1-205 | K41: Tower 1, lt. 2 | L41: Raden Aurelius Andhika Viadinugroho, S.Si., M.Sc. / Drs. Lukman Hanafi, M.Sc | M41: 16/16 | N41: 1,5/1,5 | O41: Andyka Nabil Putra | P41: =VLOOKUP(O41,Sheet1!$B$3:$D$55,3,FALSE) -> KLIK UNTUK CHAT
A42: SM234101 | B42: Kalkulus 1 | C42: 3 | D42: 1 | F42: 38 | G42: 76 | H42: Fisika, Matematika, Statistika, Kimia, Biologi, Aktuaria, Saik, Sdata | I42: Selasa, Kamis; 13.30-15.10 | J42: TW1-206 | K42: Tower 1, lt. 2 | L42: Muhammad Yusuf Hakim Widianto, S.Si., M.Si., M.Sc., Ph.D. / Drs. Nurul Hidayat, M.Ikom | M42: 16/16 | N42: 1,5/1,5 | O42: Najwa Fadhilah | P42: =VLOOKUP(O42,Sheet1!$B$3:$D$55,3,FALSE) -> KLIK UNTUK CHAT
A43: SM234101 | B43: Kalkulus 1 | C43: 3 | D43: 1 | F43: 39 | G43: 76 | H43: Fisika, Matematika, Statistika, Kimia, Biologi, Aktuaria, Saik, Sdata | I43: Selasa, Kamis; 13.30-15.10 | J43: TW1-301 | K43: Tower 1, lt. 3 | L43: Sunarsini, S.Si.M.Si / Mohamad Ilham Dwi Firmansyah, M. Mat. | M43: 16/16 | N43: 1,5/1,5 | O43: Ahmad Danial Alifi | P43: =VLOOKUP(O43,Sheet1!$B$3:$D$55,3,FALSE) -> KLIK UNTUK CHAT
A44: SM234101 | B44: Kalkulus 1 | C44: 3 | D44: 1 | F44: 40 | G44: 76 | H44: Fisika, Matematika, Statistika, Kimia, Biologi, Aktuaria, Saik, Sdata | I44: Selasa, Kamis; 13.30-15.10 | J44: TW1-302 | K44: Tower 1, lt. 3 | L44: Sunarsini, S.Si.M.Si / Mohamad Ilham Dwi Firmansyah, M. Mat. | M44: 16/16 | N44: 1,5/1,5 | O44: Ahmad Hisbu Zakiyudin | P44: =VLOOKUP(O44,Sheet1!$B$3:$D$55,3,FALSE) -> KLIK UNTUK CHAT
A45: SM234101 | B45: Kalkulus 1 | C45: 3 | D45: 1 | F45: 41 | G45: 76 | H45: Fisika, Matematika, Statistika, Kimia, Biologi, Aktuaria, Saik, Sdata | I45: Selasa, Kamis; 13.30-15.10 | J45: TW1-303 | K45: Tower 1, lt. 3 | L45: Muhammad Yusuf Hakim Widianto, S.Si., M.Si., M.Sc., Ph.D. / Drs. Nurul Hidayat, M.Ikom | M45: 16/16 | N45: 1,5/1,5 | O45: Andini Widya Hapsari | P45: =VLOOKUP(O45,Sheet1!$B$3:$D$55,3,FALSE) -> KLIK UNTUK CHAT
A46: SM234101 | B46: Kalkulus 1 | C46: 3 | D46: 1 | F46: 42 | G46: 76 | H46: Fisika, Matematika, Statistika, Kimia, Biologi, Aktuaria, Saik, Sdata | I46: Selasa, Kamis; 13.30-15.10 | J46: TW1-305 | K46: Tower 1, lt. 3 | L46: Sena Safarina, S.Si., M.Sc., D.Sc. / Alvian Alif Hidayatullah, M. Mat. | M46: 10/22 | N46: 1/2 | O46: Muhammad Ali Alvis Salam | P46: =VLOOKUP(O46,Sheet1!$B$3:$D$55,3,FALSE) -> KLIK UNTUK CHAT
A47: SM234101 | B47: Kalkulus 1 | C47: 3 | D47: 1 | F47: 43 | G47: 76 | H47: Fisika, Matematika, Statistika, Kimia, Biologi, Aktuaria, Saik, Sdata | I47: Selasa, Kamis; 13.30-15.10 | J47: TW1-306 | K47: Tower 1, lt. 3 | L47: Drs. Sentot Didik Surjanto, M.Si | O47: Annash Ragil Putra Supartono | P47: =VLOOKUP(O47,Sheet1!$B$3:$D$55,3,FALSE) -> KLIK UNTUK CHAT
A48: SM234101 | B48: Kalkulus 1 | C48: 3 | D48: 1 | F48: 44 | G48: 76 | H48: Fisika, Matematika, Statistika, Kimia, Biologi, Aktuaria, Saik, Sdata | I48: Selasa, Kamis; 13.30-15.10 | J48: TW1-501 | K48: Tower 1, lt. 5 | L48: Ainun Kusnul Khotimah, M. Mat. / Muhammad Iqbal, S.Si, M.Si, Ph.D | M48: 22/10 | N48: 2/1 | O48: Nathaniel Takeshi Inatori Lauw | P48: =VLOOKUP(O48,Sheet1!$B$3:$D$55,3,FALSE) -> KLIK UNTUK CHAT
A49: SM234101 | B49: Kalkulus 1 | C49: 3 | D49: 1 | F49: 45 | G49: 76 | H49: Fisika, Matematika, Statistika, Kimia, Biologi, Aktuaria, Saik, Sdata | I49: Selasa, Kamis; 13.30-15.10 | J49: TW1-502 | K49: Tower 1, lt. 5 | L49: Dr. Budi Setiyono,S.Si., M.T / Drs. I.G.Ngurah Rai Usada, M.Si | M49: 5/27 | N49: 0,5/1,5 | O49: Nur Millatul Af Idah | P49: =VLOOKUP(O49,Sheet1!$B$3:$D$55,3,FALSE) -> KLIK UNTUK CHAT
A50: SM234101 | B50: Kalkulus 1 | C50: 3 | D50: 1 | F50: 46 | G50: 76 | H50: Fisika, Matematika, Statistika, Kimia, Biologi, Aktuaria, Saik, Sdata | I50: Selasa, Kamis; 13.30-15.10 | J50: TW1-503 | K50: Tower 1, lt. 5 | L50: Alvida Mustika Rukmi, S.Si, M.Si / Amirul Hakam, S.Si, M.Si | M50: 16/16 | N50: 1,5/1,5 | O50: Ahmad Zaki Al Muntazhar | P50: =VLOOKUP(O50,Sheet1!$B$3:$D$55,3,FALSE) -> KLIK UNTUK CHAT
A51: SM234101 | B51: Kalkulus 1 | C51: 3 | D51: ≥3 | F51: 107 | G51: 60 | H51: Fisika, Matematika, Statistika, Kimia, Biologi, Aktuaria, Saik, Sdata | I51: Selasa, Kamis; 13.30-15.10 | J51: TW1-705 | K51: Tower 1, lt. 7 | L51: Drs. Kamiran,M.Si | O51: Abdillah Dwi Cahya | P51: =VLOOKUP(O51,Sheet1!$B$3:$D$55,3,FALSE) -> KLIK UNTUK CHAT
A52: SM234101 | B52: Kalkulus 1 | C52: 3 | D52: ≥3 | F52: 108 | G52: 30 | H52: Fisika, Matematika, Statistika, Kimia, Biologi, Aktuaria, Saik, Sdata | I52: Selasa, Kamis; 13.30-15.10 | J52: TW1-801 | K52: Tower 1, lt. 8 | L52: Dr. Valeriana Lukitosari, S.Si, M.T. | O52: Rosita Adelia Puspitasari | P52: =VLOOKUP(O52,Sheet1!$B$3:$D$55,3,FALSE) -> KLIK UNTUK CHAT
A53: SM234101 | B53: Kalkulus 1 | C53: 3 | D53: 1 | E53: Kal-5 | F53: 47 | G53: 76 | H53: T. Elektro, T. Biomedik, T. Komputer, Teknik Informatika, Teknologi Informasi, Telkom, Rpl, Rka | I53: Selasa, Kamis; 09.00-10.40 | J53: TW1-302 | K53: Tower 1, lt. 3 | L53: Amirul Hakam, S.Si., M.Si. / Dra. Laksmi Prita Wardani, M.Si. | M53: 16/16 | N53: 1,5/1,5 | O53: Muhammad Syahril Darmawan | P53: =VLOOKUP(O53,Sheet1!$B$3:$D$55,3,FALSE) -> KLIK UNTUK CHAT
A54: SM234101 | B54: Kalkulus 1 | C54: 3 | D54: 1 | F54: 48 | G54: 76 | H54: T. Elektro, T. Biomedik, T. Komputer, Teknik Informatika, Teknologi Informasi, Telkom, Rpl, Rka | I54: Selasa, Kamis; 09.00-10.40 | J54: TW1-303 | K54: Tower 1, lt. 3 | L54: Muhammad Syifa`ul Mufid, S.Si., M.Si. | O54: Rizky Alviando | P54: =VLOOKUP(O54,Sheet1!$B$3:$D$55,3,FALSE) -> KLIK UNTUK CHAT
A55: SM234101 | B55: Kalkulus 1 | C55: 3 | D55: 1 | F55: 49 | G55: 76 | H55: T. Elektro, T. Biomedik, T. Komputer, Teknik Informatika, Teknologi Informasi, Telkom, Rpl, Rka | I55: Selasa, Kamis; 09.00-10.40 | J55: TW1-305 | K55: Tower 1, lt. 3 | L55: Drs. Komar Baihaqi, M.Si / Alvian Alif Hidayatullah, M. Mat. | M55: 10/22 | N55: 1/2 | O55: Launiawati Julia Chandra | P55: =VLOOKUP(O55,Sheet1!$B$3:$D$55,3,FALSE) -> KLIK UNTUK CHAT
A56: SM234101 | B56: Kalkulus 1 | C56: 3 | D56: 1 | F56: 50 | G56: 76 | H56: T. Elektro, T. Biomedik, T. Komputer, Teknik Informatika, Teknologi Informasi, Telkom, Rpl, Rka | I56: Selasa, Kamis; 09.00-10.40 | J56: TW1-306 | K56: Tower 1, lt. 3 | L56: Dr. Dra. Rinurwati, M.Si | O56: Marcellius Fernando Robot | P56: =VLOOKUP(O56,Sheet1!$B$3:$D$55,3,FALSE) -> KLIK UNTUK CHAT
A57: SM234101 | B57: Kalkulus 1 | C57: 3 | D57: 1 | F57: 51 | G57: 76 | H57: T. Elektro, T. Biomedik, T. Komputer, Teknik Informatika, Teknologi Informasi, Telkom, Rpl, Rka | I57: Selasa, Kamis; 09.00-10.40 | J57: TW1-501 | K57: Tower 1, lt. 5 | L57: Ainun Kusnul Khotimah, M. Mat. / Dian Winda Setyawati,S.Si, M.Si | M57: 16/16 | N57: 1,5/1,5 | O57: Teosofi Hidayah Agung | P57: =VLOOKUP(O57,Sheet1!$B$3:$D$55,3,FALSE) -> KLIK UNTUK CHAT
A58: SM234101 | B58: Kalkulus 1 | C58: 3 | D58: 1 | F58: 52 | G58: 76 | H58: T. Elektro, T. Biomedik, T. Komputer, Teknik Informatika, Teknologi Informasi, Telkom, Rpl, Rka | I58: Selasa, Kamis; 09.00-10.40 | J58: TW1-502 | K58: Tower 1, lt. 5 | L58: Dian Winda Setyawati,S.Si, M.Si / Ainun Kusnul Khotimah, M. Mat. | M58: 16/16 | N58: 1,5/1,5 | O58: Mohammad Febryan Khamim | P58: =VLOOKUP(O58,Sheet1!$B$3:$D$55,3,FALSE) -> KLIK UNTUK CHAT
A59: SM234101 | B59: Kalkulus 1 | C59: 3 | D59: 1 | F59: 53 | G59: 76 | H59: T. Elektro, T. Biomedik, T. Komputer, Teknik Informatika, Teknologi Informasi, Telkom, Rpl, Rka | I59: Selasa, Kamis; 09.00-10.40 | J59: TW1-503 | K59: Tower 1, lt. 5 | L59: Prof. Dr.techn. Drs. Mohammad Isa Irawan, M.T | O59: Haritsa Dhiya Ulhaq | P59: =VLOOKUP(O59,Sheet1!$B$3:$D$55,3,FALSE) -> KLIK UNTUK CHAT
A60: SM234101 | B60: Kalkulus 1 | C60: 3 | D60: 1 | F60: 54 | G60: 76 | H60: T. Elektro, T. Biomedik, T. Komputer, Teknik Informatika, Teknologi Informasi, Telkom, Rpl, Rka | I60: Selasa, Kamis; 09.00-10.40 | J60: TW1-505 | K60: Tower 1, lt. 5 | L60: Muhammad Iqbal, S.Si, M.Si, Ph.D | O60: FAIRUUZ NURDIAZ AMAANULLAH | P60: =VLOOKUP(O60,Sheet1!$B$3:$D$55,3,FALSE) -> KLIK UNTUK CHAT
A61: SM234101 | B61: Kalkulus 1 | C61: 3 | D61: 1 | F61: 55 | G61: 76 | H61: T. Elektro, T. Biomedik, T. Komputer, Teknik Informatika, Teknologi Informasi, Telkom, Rpl, Rka | I61: Selasa, Kamis; 09.00-10.40 | J61: TW1-601 | K61: Tower 1, lt. 6 | L61: Amirul Hakam, S.Si., M.Si. / Dra. Laksmi Prita Wardani, M.Si. | M61: 16/16 | N61: 1,5/1,5 | O61: Rayhan Habib Bachtiar | P61: =VLOOKUP(O61,Sheet1!$B$3:$D$55,3,FALSE) -> KLIK UNTUK CHAT
A62: SM234101 | B62: Kalkulus 1 | C62: 3 | D62: 1 | F62: 56 | G62: 76 | H62: T. Elektro, T. Biomedik, T. Komputer, Teknik Informatika, Teknologi Informasi, Telkom, Rpl, Rka | I62: Selasa, Kamis; 09.00-10.40 | J62: TW1-602 | K62: Tower 1, lt. 6 | L62: Ridho Nur Rohman Wijaya, S.Mat., M. Mat. / Dr. Tahiyatul Asfihani, S.Si., M.Si. | M62: 22/10 | N62: 2/1 | O62: Zhana Nur Asmi Qamara | P62: =VLOOKUP(O62,Sheet1!$B$3:$D$55,3,FALSE) -> KLIK UNTUK CHAT
A63: SM234101 | B63: Kalkulus 1 | C63: 3 | D63: 1 | F63: 57 | G63: 76 | H63: T. Elektro, T. Biomedik, T. Komputer, Teknik Informatika, Teknologi Informasi, Telkom, Rpl, Rka | I63: Selasa, Kamis; 09.00-10.40 | J63: TW1-603 | K63: Tower 1, lt. 6 | L63: Drs. Kamiran, M.Si | O63: Triwanto | P63: =VLOOKUP(O63,Sheet1!$B$3:$D$55,3,FALSE) -> KLIK UNTUK CHAT
A64: SM234101 | B64: Kalkulus 1 | C64: 3 | D64: 1 | F64: 58 | G64: 76 | H64: T. Elektro, T. Biomedik, T. Komputer, Teknik Informatika, Teknologi Informasi, Telkom, Rpl, Rka | I64: Selasa, Kamis; 09.00-10.40 | J64: TW1-605 | K64: Tower 1, lt. 6 | L64: Drs. I.G.Ngurah Rai Usada, M.Si / Dr. Sunarsini, S.Si, M.Si | M64: 27/5 | N64: 1,5/0,5 | O64: Andhika Farikh Hernando | P64: =VLOOKUP(O64,Sheet1!$B$3:$D$55,3,FALSE) -> KLIK UNTUK CHAT
A65: SM234101 | B65: Kalkulus 1 | C65: 3 | D65: 1 | F65: 59 | G65: 75 | H65: T. Elektro, T. Biomedik, T. Komputer, Teknik Informatika, Teknologi Informasi, Telkom, Rpl, Rka | I65: Selasa, Kamis; 09.00-10.40 | J65: TW1-701 | K65: Tower 1, lt. 7 | L65: Dra. Wahyu Fistia Doctorina, M.Si / Dr. Imam Mukhlash, S.Si, MT | M65: 16/16 | N65: 1,5/1,5 | O65: Ananda Teguh Imawan | P65: =VLOOKUP(O65,Sheet1!$B$3:$D$55,3,FALSE) -> KLIK UNTUK CHAT
A66: SM234101 | B66: Kalkulus 1 | C66: 3 | D66: ≥3 | F66: 111 | G66: 83 | H66: T. Elektro, T. Biomedik, T. Komputer, Teknik Informatika, Teknologi Informasi, Telkom, Rpl, Rka | I66: Selasa, Kamis; 09.00-10.40 | J66: TW1-301 | K66: Tower 1, lt. 3 | L66: Dr. Tahiyatul Asfihani, S.Si., M.Si./Ridho Nur Rohman Wijaya, S.Mat., M. Mat. | M66: 22/10 | N66: 2/1 | O66: Ahmad Hisbu Zakiyudin | P66: =VLOOKUP(O66,Sheet1!$B$3:$D$55,3,FALSE) -> KLIK UNTUK CHAT
A67: SM234152 | B67: Matematika | C67: 2 | D67: 1 | E67: MT-6 | F67: 1 | G67: 75 | H67: Sistem Informasi, Manajemen Bisnis, Studi Pembangunan, Bdigt | I67: Senin, 11.00-12.40 | J67: TW1-201 | K67: Tower 1, lt. 2 | L67: Drs. Iis Herisman, M.Sc.
A68: SM234152 | B68: Matematika | C68: 2 | D68: 1 | F68: 2 | G68: 70 | H68: Sistem Informasi, Manajemen Bisnis, Studi Pembangunan, Bdigt | I68: Senin, 11.00-12.40 | J68: TW1-202 | K68: Tower 1, lt. 2 | L68: Dr. Darmaji, S.Si, M.T / Raden Aurelius Andhika Viadinugroho, S.Si., M.Sc. | M68: 8/8 | N68: 1/1
A69: SM234152 | B69: Matematika | C69: 2 | D69: 1 | F69: 3 | G69: 69 | H69: Sistem Informasi, Manajemen Bisnis, Studi Pembangunan, Bdigt | I69: Senin, 11.00-12.40 | J69: TW1-203 | K69: Tower 1, lt. 2 | L69: Dra. Dra. Nur Asiyah, M.Si, M.Si
A70: SM234152 | B70: Matematika | C70: 2 | D70: 1 | F70: 4 | G70: 69 | H70: Sistem Informasi, Manajemen Bisnis, Studi Pembangunan, Bdigt | I70: Senin, 11.00-12.40 | J70: TW1-205 | K70: Tower 1, lt. 2 | L70: Drs. Nurul Hidayat, M.Ikom
A71: SM234152 | B71: Matematika | C71: 2 | D71: 1 | F71: 5 | G71: 69 | H71: Sistem Informasi, Manajemen Bisnis, Studi Pembangunan, Bdigt | I71: Senin, 11.00-12.40 | J71: TW1-206 | K71: Tower 1, lt. 2 | L71: Drs. Lukman Hanafi, M.Sc
A72: SM234152 | B72: Matematika | C72: 2 | D72: 1 | F72: 6 | G72: 69 | H72: Sistem Informasi, Manajemen Bisnis, Studi Pembangunan, Bdigt | I72: Senin, 11.00-12.40 | J72: TW1-301 | K72: Tower 1, lt. 3 | L72: Drs. Kamiran, M.Si
A73: SM234152 | B73: Matematika | C73: 2 | D73: 1 | F73: 7 | G73: 69 | H73: Sistem Informasi, Manajemen Bisnis, Studi Pembangunan, Bdigt | I73: Senin, 11.00-12.40 | J73: TW1-701 | K73: Tower 1, lt. 7 | L73: Dr. Budi Setiyono,S.Si., M.T / Alvian Alif Hidayatullah, M. Mat. | M73: 8/8 | N73: 1/1
A74: SM234151 | B74: Matematika | C74: 3 | D74: 1 | E74: MT-7 | F74: 1 | G74: 77 | H74: Inov, Mhs Ulang | I74: Senin, Rabu; 13.30-15.10 | J74: TW1-201 | K74: Tower 1, lt. 2 | L74: Dr. Tahiyatul Asfihani, S.Si., M.Si. / Alvian Alif Hidayatullah, M. Mat. | M74: 22/10 | N74: 2/1 | O74: Mu'iza Kaba Latif | P74: =VLOOKUP(O74,Sheet1!$B$3:$D$55,3,FALSE) -> KLIK UNTUK CHAT
A75: SM234151 | B75: Matematika | C75: 3 | D75: 1 | F75: 3 | G75: 77 | H75: Mhs Ulang | I75: Senin, Rabu; 13.30-15.10 | J75: TW1-503 | K75: Tower 1, lt. 5 | L75: Dr. Didik Khusnul Arif, S.Si, M.Si | O75: Muchammad Ainun Febriansyah | P75: =VLOOKUP(O75,Sheet1!$B$3:$D$55,3,FALSE) -> KLIK UNTUK CHAT
A76: SM234151 | B76: Matematika | C76: 3 | D76: 1 | F76: 4 | G76: 33 | H76: Mhs Ulang | I76: Senin, Rabu; 13.30-15.10 | J76: TW1-806 | K76: Tower 1, lt. 8 | L76: Ridho Nur Rohman Wijaya, S.Mat., M. Mat. / Dr. Dwi Ratna Sulistyaningrum, S.Si, MT | M76: 22/10 | N76: 2/1 | O76: Muhammad Zikri Ramadhan | P76: =VLOOKUP(O76,Sheet1!$B$3:$D$55,3,FALSE) -> KLIK UNTUK CHAT
A77: SM234201 | B77: Kalkulus 2 | C77: 3 | D77: ≥3 | E77: Ulang | F77: 1 | G77: 79 | H77: Mhs Ulang | I77: Senin, Rabu; 15.30-17.10 | J77: TW1-201 | K77: Tower 1, lt. 2 | L77: Drs. Drs. Kamiran,M.Si,M.Si | O77: Muhammad Syahril Darmawan | P77: =VLOOKUP(O77,Sheet1!$B$3:$D$55,3,FALSE) -> KLIK UNTUK CHAT
A78: SM234201 | B78: Kalkulus 2 | C78: 3 | D78: ≥3 | F78: 3 | G78: 78 | H78: Mhs Ulang | I78: Senin, Rabu; 15.30-17.10 | J78: TW1-302 | K78: Tower 1, lt. 3 | L78: Ridho Nur Rohman Wijaya, S.Mat., M. Mat. /Dr. Valeriana Lukitosari, S.Si, M.T. | M78: 22/10 | N78: 2/1 | O78: Mu'iza Kaba Latif | P78: =VLOOKUP(O78,Sheet1!$B$3:$D$55,3,FALSE) -> KLIK UNTUK CHAT
A79: SM234201 | B79: Kalkulus 2 | C79: 3 | D79: ≥3 | F79: 4 | G79: 79 | H79: Mhs Ulang | I79: Senin, Rabu; 15.30-17.10 | J79: TW1-303 | K79: Tower 1, lt. 3 | L79: Alvian Alif Hidayatullah, M. Mat. / Dr. Drs. Bandung Ary Sanjaya, M.Ikomp | M79: 22/10 | N79: 2/1 | O79: Dzaky Muhammad | P79: =VLOOKUP(O79,Sheet1!$B$3:$D$55,3,FALSE) -> KLIK UNTUK CHAT
A80: SM234201 | B80: Kalkulus 2 | C80: 3 | D80: ≥3 | F80: 5 | G80: 79 | H80: Mhs Ulang | I80: Senin, Rabu; 15.30-17.10 | J80: TW1-305 | K80: Tower 1, lt. 3 | L80: Ainun Kusnul Khotimah, M. Mat. / Drs. Sadjidon, M.Si | M80: 22/10 | N80: 2/1 | O80: Rizky Alviando | P80: =VLOOKUP(O80,Sheet1!$B$3:$D$55,3,FALSE) -> KLIK UNTUK CHAT
A81: SM234201 | B81: Kalkulus 2 | C81: 3 | D81: ≥3 | F81: 6 | G81: 79 | H81: Mhs Ulang | I81: Senin, Rabu; 15.30-17.10 | J81: TW1-306 | K81: Tower 1, lt. 3 | L81: Raden Aurelius Andhika Viadinugroho, S.Si., M.Sc. /Soleha, S.Si, M.Si | M81: 16/16 | N81: 1,5/1,5 | O81: Junika Irdia Indi Astudin | P81: =VLOOKUP(O81,Sheet1!$B$3:$D$55,3,FALSE) -> KLIK UNTUK CHAT
A82: SM234201 | B82: Kalkulus 2 | C82: 3 | D82: ≥3 | F82: 7 | G82: 78 | H82: Mhs Ulang | I82: Senin, Rabu; 15.30-17.10 | J82: TW1-501 | K82: Tower 1, lt. 5 | L82: Dr. Darmaji, S.Si, M.T / Mohamad Ilham Dwi Firmansyah, M. Mat. | M82: 10/22 | N82: 1/2 | O82: Vishnu Krishna Darojati | P82: =VLOOKUP(O82,Sheet1!$B$3:$D$55,3,FALSE) -> KLIK UNTUK CHAT
F83: =COUNT(F5:F82) -> 78 | G83: =SUM(G5:G82) -> 5768
A84: Kode MK | B84: Mata Kuliah IUP | C84: SKS | D84: Sem | E84: Kel | F84: Nama Kelas SIAKAD | G84: Jumlah Mhs SIAKAD | H84: Departemen | I84: Hari / Pukul | J84: Ruang | K84: Lokasi Ruang | L84: Dosen Pembina | M84: Pertemuan | N84: SKS | O84: Asisten | P84: Link WA
A85: SM234101 | B85: Kalkulus 1 | C85: 3 | D85: 1 | E85: Kal-iup-1 | F85: 1 | G85: 24 | H85: Statistika, T. Elektro, Teknik Informatika | I85: Selasa, Kamis; 07.00-08.40 | J85: TW1-606 | K85: Tower 1, lt. 6 | L85: Prof. Dr. Basuki Widodo, M.Sc | O85: FAIRUUZ NURDIAZ AMAANULLAH | P85: =VLOOKUP(O85,Sheet1!$B$3:$D$55,3,FALSE) -> KLIK UNTUK CHAT
A86: SM234101 | B86: Kalkulus 1 | C86: 3 | D86: 1 | F86: 60 | G86: 23 | H86: Statistika, T. Elektro, Teknik Informatika | I86: Selasa, Kamis; 07.00-08.40 | J86: TW1-706 | K86: Tower 1, lt. 7 | L86: Dr. Valeriana Lukitosari, M.T. | O86: Ahmad Zaki Al Muntazhar | P86: =VLOOKUP(O86,Sheet1!$B$3:$D$55,3,FALSE) -> KLIK UNTUK CHAT
A87: SM234101 | B87: Kalkulus 1 | C87: 3 | D87: 1 | E87: Kal-iup-2 | F87: 2 | G87: 30 | H87: T. Perkapalan, KaplJD, SisklJD | I87: Senin, Rabu; 09.00-10.40 | J87: TW1-506 | K87: Tower 1, lt. 5 | L87: Dr. Dieky Adzkiya, S.Si, M.Si | O87: Nathaniel Takeshi Inatori Lauw | P87: =VLOOKUP(O87,Sheet1!$B$3:$D$55,3,FALSE) -> KLIK UNTUK CHAT
A88: SM234101 | B88: Kalkulus 1 | C88: 3 | D88: 1 | F88: 61 | G88: 30 | H88: T. Perkapalan, KaplJD, SisklJD | I88: Senin, Rabu; 09.00-10.40 | J88: TW1-606 | K88: Tower 1, lt. 6 | L88: Endah Rokhmati Merdika Putri, S.Si.M.Si., Ph.D/ M. Yusuf Hakim Widianto, S.Si., M. Si., M.Sc., Ph.D | M88: 16/16 | O88: Marcellius Fernando Robot | P88: =VLOOKUP(O88,Sheet1!$B$3:$D$55,3,FALSE) -> KLIK UNTUK CHAT
A89: SM234101 | B89: Kalkulus 1 | C89: 3 | D89: 1 | E89: Kal-iup-3 | F89: 3 | G89: 24 | H89: T. Sipil, T. Lingkungan, T. Geomatika, T. Geofisika | I89: Senin, Rabu; 13.30-15.10 | J89: TW1-506 | K89: Tower 1, lt. 5 | L89: Drs. Lukman Hanafi, M.Sc | O89: Galih Indra Permana Rohadi | P89: =VLOOKUP(O89,Sheet1!$B$3:$D$55,3,FALSE) -> KLIK UNTUK CHAT
A90: SM234101 | B90: Kalkulus 1 | C90: 3 | D90: 1 | E90: Kal-iup-4 | F90: 4 | G90: 29 | H90: T. Mesin, T. Kimia, T. Fisika, Teknik Sistem dan Industri, T. Material dan Metalurgi | I90: Senin, Rabu; 07.00-08.40 | J90: TW1-506 | K90: Tower 1, lt. 5 | L90: Sena Safarina, S.Si., M.Sc., D.Sc. | O90: Muhammad Zikri Ramadhan | P90: =VLOOKUP(O90,Sheet1!$B$3:$D$55,3,FALSE) -> KLIK UNTUK CHAT
A91: SM234101 | B91: Kalkulus 1 | C91: 3 | D91: 1 | F91: 62 | G91: 30 | H91: T. Mesin, T. Kimia, T. Fisika, Teknik Sistem dan Industri, T. Material dan Metalurgi | I91: Senin, Rabu; 07.00-08.40 | J91: TW1-606 | K91: Tower 1, lt. 6 | L91: Endah Rokhmati Merdika Putri, S.Si.M.Si., Ph.D /Muhammad Iqbal, S.Si, M.Si, Ph.D | M91: 16/16 | O91: Nathaniel Takeshi Inatori Lauw | P91: =VLOOKUP(O91,Sheet1!$B$3:$D$55,3,FALSE) -> KLIK UNTUK CHAT
A92: SM234152 | B92: Matematika | C92: 2 | D92: 1 | E92: M2-5iup | F92: 8 | G92: 23 | H92: Sistem Informasi, Manajemen Bisnis | I92: Rabu, 11.00-12.40 | J92: TW1-806 | K92: Tower 1, lt. 8 | L92: Muhammad Yusuf Hakim Widianto, S.Si., M.Si., M.Sc., Ph.D. / Soleha, S.Si., M.Si. | M92: 8/8 | N92: 1/1
A93: SM234152 | B93: Matematika | C93: 2 | D93: 1 | F93: 9 | G93: 22 | H93: Sistem Informasi, Manajemen Bisnis | I93: Rabu, 11.00-12.40 | J93: TW1-304 | K93: Tower 1, lt. 3 | L93: Muhammad Yusuf Hakim Widianto, S.Si., M.Si., M.Sc., Ph.D. / Soleha, S.Si., M.Si. | M93: 8/8 | N93: 1/1
A94: SM234201 | B94: Kalkulus 2 | C94: 3 | D94: ≥3 | F94: 2 | G94: 11 | H94: Mhs Ulang | I94: Selasa, Kamis; 15.30-17.10 | J94: TW1-506 | K94: Tower 1, lt. 5 | L94: Dr. Dieky Adzkiya, S.Si, M.Si | O94: Ahmad Zaki Al Muntazhar | P94: =VLOOKUP(O94,Sheet1!$B$3:$D$55,3,FALSE) -> KLIK UNTUK CHAT
F95: =COUNT(F85:F94) -> 10 | G95: =SUM(G85:G94) -> 246

Sheet Sheet1
B3: Ahmad Hisbu Zakiyudin | C3: https://api.whatsapp.com/send?phone=6282257622058&text=Ahmad Hisbu Zakiyudin | D3: =HYPERLINK(C3,"KLIK UNTUK CHAT") -> KLIK UNTUK CHAT
B4: Ahmad Zaki Al Muntazhar | C4: https://api.whatsapp.com/send?phone=+6282252248992&text=Ahmad Zaki Al Muntazhar | D4: =HYPERLINK(C4,"KLIK UNTUK CHAT") -> KLIK UNTUK CHAT
B5: Junika Irdia Indi Astudin | C5: https://api.whatsapp.com/send?phone=+6287869023000&text=Junika Irdia Indi Astudin | D5: =HYPERLINK(C5,"KLIK UNTUK CHAT") -> KLIK UNTUK CHAT
B6: Nur Millatul Af Idah | C6: https://api.whatsapp.com/send?phone=+6285816644574&text=Nur Millatul Af Idah | D6: =HYPERLINK(C6,"KLIK UNTUK CHAT") -> KLIK UNTUK CHAT
B7: Miftahul Huda | C7: https://api.whatsapp.com/send?phone=+6287761095810&text=Miftahul Huda | D7: =HYPERLINK(C7,"KLIK UNTUK CHAT") -> KLIK UNTUK CHAT
B8: Abdillah Dwi Cahya | C8: https://api.whatsapp.com/send?phone=+6281216000286&text=Abdillah Dwi Cahya | D8: =HYPERLINK(C8,"KLIK UNTUK CHAT") -> KLIK UNTUK CHAT
B9: Mu'iza Kaba Latif | C9: https://api.whatsapp.com/send?phone=+6282143485360&text=Mu'iza Kaba Latif | D9: =HYPERLINK(C9,"KLIK UNTUK CHAT") -> KLIK UNTUK CHAT
B10: Najwa Fadhilah | C10: https://api.whatsapp.com/send?phone=+6282348025537&text=Najwa Fadhilah | D10: =HYPERLINK(C10,"KLIK UNTUK CHAT") -> KLIK UNTUK CHAT
B11: Triwanto | C11: https://api.whatsapp.com/send?phone=+6285728846625&text=Triwanto | D11: =HYPERLINK(C11,"KLIK UNTUK CHAT") -> KLIK UNTUK CHAT
B12: Vishnu Krishna Darojati | C12: https://api.whatsapp.com/send?phone=+6282229072197&text=Vishnu Krishna Darojati | D12: =HYPERLINK(C12,"KLIK UNTUK CHAT") -> KLIK UNTUK CHAT
B13: Aditya Wahyudinanta | C13: https://api.whatsapp.com/send?phone=+6282237235004&text=Aditya Wahyudinanta | D13: =HYPERLINK(C13,"KLIK UNTUK CHAT") -> KLIK UNTUK CHAT
B14: Ananda Teguh Imawan | C14: https://api.whatsapp.com/send?phone=+6285156764136&text=Ananda Teguh Imawan | D14: =HYPERLINK(C14,"KLIK UNTUK CHAT") -> KLIK UNTUK CHAT
... B55: Erwin Tri Prasetya | C55: https://api.whatsapp.com/send?phone=+6285648740749&text=Erwin Tri Prasetya | D55: =HYPERLINK(C55,"KLIK UNTUK CHAT") -> KLIK UNTUK CHAT
